<init-data>
  <countries>

    <country>
      <name> Russia </name>
      <square> 17000000</square>
      <cities>
        <city type="MILLIONAIRE">
          <name>Saint-Petersburg</name>
          <description>North Venice</description>
          <yearOfFoundation>1703</yearOfFoundation>
          <population>5000000</population>
          <isCapital>No</isCapital>
          <numberOfDistricts>12</numberOfDistricts>
          <majorName>Beglov X Z</majorName>
        </city>
      </cities>
    </country>



  </countries>

</init-data>